first_name,last_name,email,gender,birth_year,height
Moria,Latham,mlatham0@dmoz.org,F,2002,1.07
Brina,Bragger,bbragger1@youku.com,F,2001,1.59
Guglielma,Skrzynski,gskrzynski2@icio.us,F,2008,1.61
Essie,Suatt,esuatt3@irs.gov,F,1997,1.21
Susann,Grut,sgrut4@nbcnews.com,F,1998,1.73
Allegra,Skarman,askarman5@webeden.co.uk,F,1999,1.67
Hazlett,Tattam,htattam6@canalblog.com,M,2010,1.19
Abel,Walklot,awalklot7@yandex.ru,M,2006,1.89
Iago,Baggelley,ibaggelley8@howstuffworks.com,M,2007,1.58